이름,카테고리,날짜,담당자,사진,인스타 글,인스타 릴스,자료/영상 마감,자료/영상 발송,자료신청서 폼,참조,카페 글,파일과 미디어
행복한바오밥,<공구>,2023년 11월 15일 → 2023년 11월 18일,김채원,No,,No,,,,,진행 중,
"수배열판, 수모형, 퀴즈네르 etc",<공구>,2023년 11월 9일 → 2023년 11월 12일,최은주,No,,No,,,,,진행 중,
"소마셈, 팩토, 팩토슐레",<공구>,2023년 11월 21일,최은주,No,시작 전,No,,,,,시작 전,
만칼라,<공구>,2023년 11월 23일,김채원,No,,No,,,,,시작 전,
토도수학,<공구>,2023년 11월 27일 → 2023년 12월 2일,김다미,No,,No,,,,,,
"EDX : 곱셈교구(신상), 르켄렉",<공구>,2023년 11월 28일,이정원,No,,No,,,,,시작 전,
<라방> 행복한바오밥,<라방>,2023년 11월 17일 오후 10:30 (GMT+9),최경희,No,,No,,,,,,
홈페이지 관련 의견교환,<회의>,2023년 11월 15일,최은주,No,,No,,,,,,
일프로연산,<공구>,2024년 1월 25일,김다미,No,,No,,,,,,
가베가족 분수교구,<공구>,2024년 1월 2일,김채원,No,,No,,,,,,
칸칸이정리함 탄탄이정리함,<공구>,2023년 12월 21일,최은주,No,,No,,,,,,
수배열판 특강," <모집>",2023년 11월 14일 → 2023년 11월 20일,최은주,No,진행 중,No,2023년 12월 15일,2023년 11월 24일,,,완료,
2024학년도 수능!!!!!!,,2023년 11월 16일,,No,,No,,,,,,
김다미,<휴가>,2023년 11월 23일 → 2023년 11월 24일,김다미,No,,No,,,,,,
초등사고력1단계 10기 (1/6),<플젝>,2023년 11월 16일 오후 10:30 (GMT+9),최경희,No,,No,,,,,,
<회의>모니즈 2차 회의,<회의>,2023년 11월 17일,김다미,No,,No,,,,,,
김채원,<휴가>,2023년 11월 30일 → 2023년 12월 1일,임정식,No,,No,,,,,,
매뉴얼,,2024년 5월 2일,,No,,No,,,,,,
유아기본 (6/6),<플젝>,2023년 11월 14일 오후 10:30 (GMT+9),최경희,No,,No,,,,,,
초등사고력1단계 10기 (6/6),<플젝>,2024년 1월 4일 오후 10:30 (GMT+9),최경희,No,,No,,,,,,
초등사고력1단계 10기 (2/6),<플젝>,2023년 11월 23일 오후 10:30 (GMT+9),최경희,No,,No,,,,,,
초등사고력2단계 6기 (6/6),<플젝>,2024년 2월 6일 오후 10:30 (GMT+9),최경희,No,,No,,,,,,
초등사고력1단계 10기 (4/6),<플젝>,2023년 12월 14일 오후 10:30 (GMT+9),최경희,No,,No,,,,,,
초등사고력1단계 10기 (5/6),<플젝>,2023년 12월 28일 오후 10:30 (GMT+9),최경희,No,,No,,,,,,
초등사고력1단계 10기 (3/6),<플젝>,2023년 12월 7일 오후 10:30 (GMT+9),최경희,No,,No,,,,,,
초등사고력2단계 6기 (1/6),<플젝>,2023년 12월 19일 오후 10:30 (GMT+9),최경희,No,,No,,,,,,
초등사고력2단계 6기 (2/6),<플젝>,2023년 12월 26일 오후 10:30 (GMT+9),최경희,No,,No,,,,,,
초등사고력2단계 6기 (3/6),<플젝>,2024년 1월 9일 오후 10:30 (GMT+9),최경희,No,,No,,,,,,
초등사고력2단계 6기 (4/6),<플젝>,2024년 1월 16일 오후 10:30 (GMT+9),최경희,No,,No,,,,,,
초등사고력2단계 6기 (5/6),<플젝>,2024년 1월 30일 오후 10:30 (GMT+9),최경희,No,,No,,,,,,
초등사고력 3단계 모집," <모집>",2024년 1월 3일 → 2024년 1월 8일,최은주,No,,No,,,,,,
매직큐브,<공구>,2023년 12월 4일 → 2023년 12월 10일,김다미,No,,Yes,,,https://forms.gle/wZgvHvt148Mt7HDU6,,,
보약 보드게임,<공구>,2023년 12월 12일 → 2023년 12월 18일,김채원,Yes,,No,,,,,진행 중,
"edx 리플렉션, 도형 2d 3d 전개도",<공구>,2023년 12월 14일,김다미,Yes,완료,No,,,,,완료,
w.변호사님,<미팅>,2023년 11월 21일 오전 11:00 (GMT+9),"강성희, 임정식, 최경희",No,,No,,,,,,
보드게임_행복한바오밥,<라방>,2023년 11월 17일,"김채원, 최경희",No,,No,,,,,,
가베가족 영유아교구,<공구>,2023년 12월 19일,김채원,No,,No,,,,,,
비상 문제집,<공구>,2023년 12월 20일,이정원,No,,No,,,,,,
지원사업,<미팅>,2023년 11월 24일 오전 11:00 (GMT+9),"최경희, 강성희",No,,No,,,,,,
장종원 실장님,<미팅>,2023년 11월 20일,"강성희, 한경민, 김다미",No,,No,,,,,,
초등사고력2단계 모집," <모집>",2023년 12월 5일 → 2023년 12월 11일,,No,,No,,,,,,
"리안의수학모험 (신간, 19권 분수와소수)",<공구>,2024년 1월 4일,이정원,No,,No,,,,,,
블루무스 회의(11시),,2023년 11월 22일,"최경희, 강성희, 정지윤",No,,No,,,,,,
매직큐브,<미팅>,2023년 11월 29일 오전 10:30 (GMT+9),,No,,No,,,,,,
홈앤오피스 바인더 입고 (예정),<기타>,,"강성희, 임정식, 최은주, 한경민",No,,No,,,,,,
최은주,<휴가>,2023년 11월 23일,최은주,No,,No,,,,,,
스윗맘 수와 연산 (1/10),<스윗맘>,2023년 12월 26일,김채원,No,,No,,,,,,
스윗맘 복습 (5/10),<스윗맘>,2024년 1월 23일,,No,,No,,,,,,
스윗맘 수와 연산 (2/10),<스윗맘>,2024년 1월 2일,김채원,No,,No,,,,,,
스윗맘 (3/10),<스윗맘>,2024년 1월 9일,이정원,No,,No,,,,,,
스윗맘 (4/10),<스윗맘>,2024년 1월 16일,이정원,No,,No,,,,,,
초2 모집 라방,<라방>,2023년 12월 5일 오후 10:30 (GMT+9),최경희,No,,No,,,,,,
다미쌤 생일,<기념일>,2023년 11월 25일,,No,,No,,,,,,
김다미 선생님 생일🎂,<기념일>,2024년 11월 25일,,No,,No,,,,,,
한경민 차장님 생일🎂,<기념일>,2024년 10월 24일,,No,,No,,,,,,
한차장님 생일,<기념일>,2023년 10월 24일,,No,,No,,,,,,
스윗맘," <모집>, <스윗맘>",2023년 12월 15일 → 2023년 12월 20일,"김다미, 정지윤, 이정원, 남선영, 김채원",No,,No,,,https://forms.gle/2VVYZNRN7oyNyZj76,,,
칼타공기 & 달콤바인더,<공구>,2024년 1월 9일 → 2024년 1월 16일,최은주,No,,No,,,,,,
홈페이지 피드백 마감,<공구>,2023년 12월 4일 오후 3:00 (GMT+9),최은주,No,,No,,,,,,
보약 보드게임,<라방>,2023년 12월 12일,최경희,No,,No,,,,,,
"정지윤 ",<휴가>,2023년 12월 26일 → 2023년 12월 27일,,No,,No,,,,,,
이정원,<휴가>,2023년 12월 26일 → 2023년 12월 29일,,No,,No,,,,,,
이정원,<휴가>,2023년 12월 22일,,No,,No,,,,,,
김다미,<휴가>,2023년 12월 29일,김다미,No,,No,,,,,,
최은주,<휴가>,2023년 12월 12일,,No,,No,,,,,,
달콤 송년회 회식🎁,,2023년 12월 20일,,No,,No,,,,,,
스윗맘 (6/10),,2024년 1월 30일,김다미,No,,No,,,,,,
스윗맘 (7/10),,2024년 2월 6일,김다미,No,,No,,,,,,
젬블로 & GT라이트박스,<공구>,2024년 1월 17일,김채원,No,,No,,,https://naver.me/xQ8yo7Oi,,,
<연휴> 구정,<기타>,2024년 2월 9일 → 2024년 2월 12일,,No,,No,,,,,,
w.젬블로,<미팅>,2023년 12월 15일 오후 2:00 (GMT+9),최경희,No,,No,,,,,,
김영사 new 기초 잡는 수학동화,<공구>,2024년 1월 23일,이정원,No,,No,,,,,,
슬리핑퀸즈 미팅,,2023년 12월 21일 오전 11:00 (GMT+9),"정지윤, 최경희, 강성희",No,,No,,,,,,
달콤사이언스 무료스터디," <모집>",2023년 12월 21일 → 2023년 12월 27일,김다미,No,,No,,,https://naver.me/GFY6Z6jB,,,
도형특강," <모집>",2024년 1월 16일 → 2024년 1월 22일,,No,,No,,,,,,
어린이과학동아 & 수학동아,<공구>,2024년 2월 20일 → 2024년 2월 26일,이정원,No,,No,,,,,,
매직큐브,<공구>,2024년 3월 11일 → 2024년 3월 14일,김다미,No,,No,,,"https://naver.me/xt5BNTmI @김다미 ",,,
브레인숲,<공구>,2023년 12월 27일,김다미,No,,No,,,,,,
시스맥스,<공구>,2024년 1월 30일,최은주,No,,No,,,,,,
최은주,<휴가>,2023년 12월 27일,최은주,No,,No,,,,,,
김다미,<휴가>,2023년 12월 26일,김다미,No,,No,,,,,,
이윤지,<휴가>,2023년 12월 26일 → 2023년 12월 27일,,No,,No,,,,,,
"와이즈만 즐깨감,사전 시리즈",<공구>,2024년 4월 25일,이정원,No,,No,,,,,,
초등사고력 3단계 3기 로드맵,<플젝>,2024년 1월 18일 오후 10:30 (GMT+9),"최경희, 이정원",No,,No,,,,,,
초등사고력 3단계 3기 (1/6),<플젝>,2024년 1월 25일 오후 10:30 (GMT+9) → 오후 11:45,"최경희, 이정원",No,,No,,,,,,
초등사고력 3단계 3기 (2/6),<플젝>,2024년 2월 8일 오후 10:30 (GMT+9),최경희,No,,No,,,,,,
초등사고력 3단계 3기 (3/6),<플젝>,2024년 2월 15일 오후 10:30 (GMT+9),최경희,No,,No,,,,,,
초등사고력 3단계 3기 (4/6),<플젝>,2024년 2월 29일 오후 10:30 (GMT+9),최경희,No,,No,,,,,,
초등사고력 3단계 3기 (5/6),<플젝>,2024년 3월 7일 오후 10:30 (GMT+9),최경희,No,,No,,,,,,
종무식,"<기념일>, <기타>",2023년 12월 29일 오전 10:00 (GMT+9),"최은주, 임정식, 강성희, 최경희, 김채원, 이정원, 정지윤, 김다미, 한경민, 남선영",No,,No,,,,,,
시무식,"<기념일>, <기타>",2024년 1월 2일 오전 10:00 (GMT+9),"최은주, 임정식, 강성희, 최경희, 김채원, 이정원, 정지윤, 김다미, 한경민, 남선영",No,,No,,,,,,
넘버블럭스,<공구>,2024년 2월 27일,김다미,No,,No,,,,,,
블루무스,<미팅>,2024년 1월 4일 오전 10:30 (GMT+9),"최경희, 강성희, 정지윤",No,,No,,,,,,
토도수학,<공구>,2024년 3월 18일 → 2024년 3월 22일,이정원,No,,No,,,https://naver.me/GNvXwow4,,,
브레이닝 지오콘,<공구>,2024년 3월 5일 → 2024년 3월 11일,김채원,No,,No,,,,,,
행복한바오밥,<공구>,2024년 3월 14일 → 2024년 3월 19일,김채원,Yes,완료,Yes,,2024년 3월 12일,https://naver.me/GvdpV7Xo,,완료,
이정원,<기념일>,2023년 12월 18일,,No,,No,,,,,,
부대표님,<기념일>,2024년 1월 9일,,No,,No,,,,,,
남선영 / 박서정,<기념일>,2024년 1월 18일,,No,,No,,,,,,
정지윤,<기념일>,2024년 1월 12일,,No,,No,,,,,,
"<공동기부>생각투자 이벤트 ",,2024년 1월 12일 → 2024년 1월 15일,김채원,No,,No,,,,"최경희, 강성희, 남선영",,
출간!!!!!!!!!!🔥🔥🔥🔥🔥🔥 (예판),<출간>,2024년 4월 22일,최경희,No,,No,,,,,,
젬블로 라방,<라방>,2024년 1월 19일,최경희,No,,No,,,,,,
김채원,<기념일>,2024년 1월 29일,,No,,No,,,,,,
부장님,<기념일>,2024년 2월 14일,,No,,No,,,,,,
꿀쌤 / 서진이,<기념일>,2024년 2월 10일,,No,,No,,,,,,
초등사고력 3단계 3기 (6/6),<플젝>,2024년 3월 21일 오후 10:30 (GMT+9),"최경희, 이정원",No,,No,,,,,,
곱셈나눗셈 특강," <모집>",2024년 2월 14일,,No,,No,2024년 4월 1일,2024년 2월 26일,"https://naver.me/5Fh9OEPp ",,,
유아사고력1단계," <모집>",2024년 2월 27일 → 2024년 3월 4일,,No,,No,,,,,,
유아사고력1단계 (1/6),<플젝>,2024년 3월 12일,최경희,No,,No,,,,,,
유아사고력1단계 (2/6),<플젝>,2024년 3월 19일,최경희,No,,No,,,,,,
유아사고력1단계 (3/6),<플젝>,2024년 4월 2일,최경희,No,,No,,,,,,
유아사고력1단계 (4/6),<플젝>,2024년 4월 9일,,No,,No,,,,,,
유아사고력1단계 (5/6),<플젝>,2024년 4월 23일,,No,,No,,,,,,
유아사고력1단계 (6/6),<플젝>,2024년 4월 30일,,No,,No,,,,,,
초등사고력1단계 프로젝트," <모집>",2024년 3월 28일 → 2024년 4월 3일,,No,,No,,,,,,
분수소수특강," <모집>",2024년 4월 18일 → 2024년 4월 24일,이정원,No,,No,,,,,,
초등사고력1단계 (1/6),<플젝>,2024년 4월 11일,최경희,No,,No,,,,,,
초등사고력1단계 (2/6),<플젝>,2024년 4월 18일,,No,,No,,,,,,
초등사고력1단계 (3/6),<플젝>,2024년 5월 2일,,No,,No,,,,,,
초등사고력1단계 (4/6),<플젝>,2024년 5월 9일,최경희,No,,No,,,,,,
초등사고력1단계 (5/6),<플젝>,2024년 5월 23일,최경희,No,,No,,,,,,
초등사고력1단계 (6/6),<플젝>,2024년 5월 30일,최경희,No,,No,,,,,,
분수소수 특강 (1/5),<플젝>,2024년 5월 7일,최경희,No,,No,,,,,,
분수소수 특강 (2/5),<플젝>,2024년 5월 14일,최경희,No,,No,,,,,,
분수소수 특강 (3/5),<플젝>,2024년 5월 28일,최경희,No,,No,,,,,,
분수소수 특강 (4/5),<플젝>,2024년 6월 11일,최경희,No,,No,,,,,,
초등사고력 2단계 프로젝트," <모집>",2024년 5월 21일 → 2024년 5월 27일,,No,,No,,,,,,
곱나특강," <모집>",2024년 6월 20일 → 2024년 6월 26일,,No,,No,,,,이정원,,
"유아기본(10기) 마감-단톡방, 밴드 내보내기 및 삭제",,2024년 1월 11일,남선영,No,,No,,,,최경희,,
변호사님 미팅,<미팅>,2024년 1월 23일,,No,,No,,,,,,
그레이트북스,<미팅>,2024년 1월 16일 오후 2:30 (GMT+9),"강성희, 최경희, 최은주",No,,No,,,,,,
슬리핑퀸즈 계약 마감일,<기타>,2025년 1월 11일,"최경희, 정지윤, 강성희, 최은주",No,,No,,,,,,
슬리핑퀸즈 연장 관련 회의,<회의>,2024년 10월 21일,"최경희, 강성희, 정지윤, 최은주",No,,No,,,,,,
슬리핑퀸즈 : 정산보고서 제출일,<기타>,2024년 1월 31일,"최은주, 정지윤, 강성희",No,,No,,,,,,
슬리핑퀸즈 : 정산보고서 제출일,<기타>,2024년 7월 31일,"최은주, 정지윤, 강성희",No,,No,,,,,,
변호사님,<미팅>,2024년 1월 16일 오전 10:30 (GMT+9),"최경희, 강성희, 최은주, 임정식",No,,No,,,,,,
매직큐브 미팅,<미팅>,2024년 1월 31일 오후 2:00 (GMT+9),"최경희, 강성희, 한경민, 김다미, 최은주",No,,No,,,,,,
도형교구 (브레이닝 칠교),<공구>,2024년 2월 1일,최은주,No,,No,,,,,,
도형특강 영상발송,<공구>,2024년 1월 29일,,No,,No,,,,,,
부대표님,<휴가>,2024년 1월 30일,강성희,No,,No,,,,,,
스윗맘 X - 설날 연휴로 7주차 2주로 진행,,2024년 2월 13일,,No,,No,,,,,,
스윗맘 (8/10),,2024년 2월 20일,김채원,No,,No,,,,,,
"스윗맘 (9/10) ",,2024년 2월 27일,김채원,No,,No,,,,,,
블루무스 오전 미팅,<미팅>,2024년 2월 7일,"정지윤, 강성희, 최경희",No,,No,,,,,,
동아사이언스,<미팅>,2024년 2월 6일 오후 2:00 (GMT+9),"강성희, 최은주",No,,No,,,,,,
GS1 바코드 관련 정보 공유,<기타>,2024년 2월 5일 오후 3:00 (GMT+9),"최은주, 임정식, 강성희, 한경민",No,,No,,,,,,
"개인컨설팅(오후, 미정)",<미팅>,2024년 2월 7일 오후 3:00 (GMT+9) → 오후 4:00,최경희,No,,No,,,,"최은주, 남선영",,
유아사고력1단계 모집 라방,<라방>,2024년 2월 27일 오후 10:30 (GMT+9),,No,,No,,,,,,
연차 정지윤,<휴가>,2024년 2월 28일 → 2024년 2월 29일,정지윤,No,,No,,,,"최경희, 임정식",,
연차 김다미,<휴가>,2024년 2월 7일,김다미,No,,No,,,,"최경희, 임정식, 정지윤",,
라벨기,<공구>,2024년 2월 13일 → 2024년 2월 20일,최은주,No,,No,,,,,,
대표님 부장님,<휴가>,2024년 2월 16일 → 2024년 2월 21일,"임정식, 최경희",No,,No,,,,,,
"수배열판(한글화, 생각투자)",<공구>,2024년 3월 7일 → 2024년 3월 13일,이정원,Yes,,No,,,,,,
마케팅 계획 미팅 공유,<출간>,2024년 2월 15일,"강성희, 최은주, 정지윤",No,,No,,,,,,
마케팅 계획 미팅,<출간>,2024년 2월 14일,"강성희, 최은주",No,,No,,,,,,
강성희 연차,<휴가>,2024년 2월 21일,강성희,No,,No,,,,,,
"자체제작상품 : 바인더 (202405, A4) &칼타공기",<공구>,2024년 5월 16일,,No,,No,,,,,,
어과동&어수동,<라방>,2024년 2월 23일 오후 10:30 (GMT+9),최경희,No,,No,,,,"정지윤, 이정원",,
가베가족 시계 수모형,<공구>,2024년 3월 26일 → 2024년 4월 1일,김채원,No,,No,,,,,,
분수 교구,<공구>,2024년 4월 19일 → 2024년 4월 25일,김다미,No,,No,,,,,,
생각투자 보약 보드게임,<공구>,2024년 4월 25일,"김채원, 정지윤",No,,No,,,https://naver.me/xQ8MHx64,,,
소마셈팩토팩토슐레,<공구>,2024년 4월 9일 → 2024년 4월 15일,이정원,No,,No,,,,,,
사파리 수학없는수학,<공구>,2024년 4월 2일,김다미,No,,No,,,,,,
윤지쌤 재택 일정,<기타>,2024년 3월 4일 → 2024년 3월 6일,,No,,No,,,,,,
김다미 연차,<휴가>,2024년 2월 19일,,No,,No,,,,,,
최은주,<휴가>,2024년 2월 28일,최은주,No,,No,,,,,,
달콤바인더 & 칼타공기,,2024년 4월 4일,최은주,No,,No,,,,,,
스윗맘 모집(2024-1차),,2024년 3월 15일 → 2024년 3월 22일,,No,,No,,,,,,
스윗맘 조발표,,2024년 3월 27일,,No,,No,,,,,,
스윗맘 시작(2024-1차),,2024년 4월 2일,,No,,No,,,,,,
최은주 (재택),<기타>,2024년 3월 4일 → 2024년 3월 8일,최은주,No,,No,,,,,,
월요일 쉬고 수요일 출근해요,<기타>,2024년 3월 4일,이정원,No,,No,,,,,,
카페 이벤트,"<기타>, <출간>",2024년 3월 6일 → 2024년 3월 13일,김다미,No,,No,,,,최은주,,
동심공작소,<미팅>,2024년 3월 25일,최경희,No,,No,,,,강성희,,
아스모디 코리아,<미팅>,2024년 3월 20일 오후 2:00 (GMT+9),"최경희, 강성희",No,,No,,,,,,
재택근무_정지윤,,2024년 3월 12일 → 2024년 3월 13일,정지윤,No,,No,,,,,,
분수소수인쇄발주,,2024년 3월 27일,"정지윤, 이정원, 한경민",No,,No,,,,,,
브레이닝,<미팅>,2024년 3월 18일,"최경희, 강성희, 최은주",No,,No,,,,,,
매직큐브,"<미팅>, <외근>",2024년 3월 22일 오후 5:00 (GMT+9),"최경희, 강성희",No,,No,,,,,,
그레이트북스,<미팅>,2024년 3월 25일 오후 2:00 (GMT+9),"최경희, 강성희, 최은주",No,,No,,,,,,
김채원 연차,<휴가>,2024년 4월 1일 → 2024년 4월 2일,,No,,No,,,,,,
블루무스,<외근>,2024년 3월 21일 오전 10:00 (GMT+9),"강성희, 정지윤",No,,No,,,,,,
초1 메일 발송,<플젝>,2024년 4월 8일,남선영,No,,No,,,,"최경희, 정지윤, 김다미",,
국회의원선거일,<기념일>,2024년 4월 10일,,No,,No,,,,,,
초1 밴드 승인,<플젝>,2024년 4월 8일 → 2024년 4월 11일,남선영,No,,No,,,,"최경희, 정지윤, 김다미",,
달콤바인더 A5 & 칼타공기,<공구>,2024년 4월 11일 → 2024년 4월 17일,최은주,No,,No,,,,"강성희, 한경민",,
초등사고력1단계 모집 라방,<라방>,2024년 3월 28일,최경희,No,,No,,,,,,
도형특강," <모집>",2024년 5월 7일 → 2024년 5월 13일,,No,,No,2024년 7월 8일,2024년 5월 20일,https://naver.me/FARhP3nQ,,,
유아사고력 2단계," <모집>",2024년 7월 2일 → 2024년 7월 8일,,No,,No,,,,,,
초등사고력 2단계 (1/6),<플젝>,2024년 6월 5일,,No,,No,,,,,,
초등사고력 2단계 (2/6),<플젝>,2024년 6월 13일,,No,,No,,,,,,
초등사고력 2단계 (3/6),<플젝>,2024년 6월 27일,,No,,No,,,,,,
초등사고력 2단계 (4/6),<플젝>,2024년 7월 4일,,No,,No,,,,,,
초등사고력 2단계 (5/6),<플젝>,2024년 7월 18일,,No,,No,,,,,,
초등사고력 2단계 (6/6),<플젝>,2024년 7월 25일,,No,,No,,,,,,
유아사고력 2단계 (1/6),<플젝>,2024년 7월 16일,김다미,No,,No,,,,,,
유아사고력 2단계 (2/6),<플젝>,2024년 7월 23일,김다미,No,,No,,,,,,
유아사고력 2단계 (3/6),<플젝>,2024년 8월 6일,김다미,No,,No,,,,,,
유아사고력 2단계 (4/6),<플젝>,2024년 8월 13일,김다미,No,,No,,,,,,
유아사고력 2단계 (5/6),<플젝>,2024년 8월 27일,"최경희, 김다미",No,,No,,,,,,
유아사고력 2단계 (6/6),<플젝>,2024년 9월 3일,"최경희, 김다미",No,,No,,,,,,
스윗맘 1/10_수와 연산1,<스윗맘>,2024년 4월 2일,이정원,No,,No,,,,,,
스윗맘 2/10_수와 연산2,<스윗맘>,2024년 4월 9일,이정원,No,,No,,,,,,
스윗맘 3/10_도형1,<스윗맘>,2024년 4월 16일,김다미,No,,No,,,,,,
스윗맘 4/10_도형2,<스윗맘>,2024년 4월 23일,김다미,No,,No,,,,,,
스윗맘 5/10_자유인증,<스윗맘>,2024년 4월 30일,,No,,No,,,,,,
스윗맘 6/10_규칙성/분류1,<스윗맘>,2024년 5월 7일,김채원,No,,No,,,,,,
스윗맘 7/10_규칙성/분류2,<스윗맘>,2024년 5월 14일,김채원,No,,No,,,,,,
스윗맘 8/10_문제해결1,<스윗맘>,2024년 5월 21일,이정원,No,,No,,,,,,
스윗맘 9/10_문제해결2,<스윗맘>,2024년 5월 28일,이정원,No,,No,,,,,,
스윗맘 10/10_자유인증,<스윗맘>,2024년 6월 4일,,No,,No,,,,"김채원, 김다미, 이정원",,
행복한바오밥,<공구>,2024년 8월 20일 → 2024년 8월 26일,이정원,No,,No,,,"https://naver.me/IxsINyI1 @이정원 ",,,
브레이닝 성냥개비 & 칠교,<공구>,2024년 6월 4일,이정원,No,,No,,,,,,
가베가족 도형&수 교구,<공구>,2024년 5월 9일 → 2024년 5월 15일,이정원,No,,No,,,,,,
플레이팩토 보드게임,<공구>,2024년 5월 7일,,No,,No,,,"https://naver.me/x95ezvI3  ",,,
종이접기 & 바이킹 멘사 수학놀이,<공구>,2024년 5월 30일,"김채원, Yoonjee Lee",No,,No,,,,,,
동심공작소 수읽기 카드,<공구>,2024년 4월 30일,김다미,No,,No,,,,Yoonjee Lee,,
윤지쌤,<휴가>,2024년 4월 25일,,No,,No,,,,,,
임 부장님,<외근>,2024년 4월 3일 → 2024년 4월 5일,임정식,No,,No,,,,,,
예지복직,,2024년 4월 22일,,No,,No,,,,,,
부처님오신날,<기념일>,2024년 5월 15일,,No,,No,,,,,,
이사,<기념일>,2024년 5월 7일,,No,,No,,,,,,
칼타공기 입고,<공구>,2024년 5월 10일,,No,,No,,,,,,
슬리핑퀸즈 라방,<라방>,2024년 4월 25일 오전 10:30 (GMT+9),최경희,No,,No,,,,"정지윤, 김채원, 강성희",,
최은주,<휴가>,2024년 4월 26일,최은주,No,,No,,,,,,
대체공휴일,<기념일>,2024년 5월 6일,,No,,No,,,,,,
한 차장님,<휴가>,2024년 5월 13일 → 2024년 5월 17일,,No,,No,,,,,,
분수소수특강(5/5),<플젝>,2024년 6월 18일,최경희,No,,No,,,,,,
광화문 교보문고 강연,,2024년 5월 25일 오전 11:00 (GMT+9),,No,,No,,,,,,
연차 이정원,<휴가>,2024년 5월 27일,,No,,No,,,,,,
,,,,No,,No,,,,,,
,,,,No,,No,,,,,,
김다미 연차,<휴가>,2024년 5월 16일 → 2024년 5월 17일,,No,,No,,,,,,
김다미 연차,<휴가>,2024년 5월 20일,,No,,No,,,,,,
강성희,<휴가>,2024년 5월 2일 → 2024년 5월 3일,,No,,No,,,,,,
토도수학,<공구>,2024년 7월 15일 → 2024년 7월 19일,김채원,No,,No,,,https://naver.me/513SwXHh,,,
가베가족 수연산 보드게임(교구로 소구),<공구>,2024년 6월 20일 → 2024년 6월 30일,김채원,No,,No,,,,,,
아스모디 보드게임,<공구>,2024년 7월 30일 → 2024년 8월 5일,김다미,No,,No,,,,,,
"방학 특강 (도형, 분수소수, UPGO)"," <모집>",2024년 7월 23일 → 2024년 7월 29일,,No,,No,,,,,,
곱셈나눗셈 & 분수소수 특강," <모집>",2024년 8월 9일 → 2024년 8월 15일,,No,,No,,,분수소수 https://naver.me/x0U1K3VW   곱셈나눗셈  https://naver.me/xeAHWQs9,,,
유아사고력 1단계 프로젝트," <모집>",2024년 9월 5일 → 2024년 9월 11일,김채원,No,,No,,,https://naver.me/G0DDCGE2,,,
도형특강," <모집>",2024년 10월 10일 → 2024년 10월 16일,정지윤,No,,No,,,,,,
초등사고력 1단계 프로젝트," <모집>",2024년 10월 24일 → 2024년 10월 30일,이정원,No,,No,,,,,,
초등사고력 2단계 프로젝트," <모집>",2024년 11월 19일 → 2024년 11월 25일,김다미,No,,No,,,,,,
출간_강연회 (싸인회),<출간>,2024년 5월 25일,최경희,No,,No,,,,,,
최은주,<휴가>,2024년 4월 26일,,No,,No,,,,강성희,,
가베가족_곱셈타일즈,<공구>,2024년 6월 13일 → 2024년 6월 18일,김다미,No,,No,,,,,,
추가연장근무 대장 제출일,<HR>,2024년 4월 30일,,No,,No,,,,,,
추가연장근무 대장 제출일,<HR>,2024년 5월 30일,,No,,No,,,,,,
추가연장근무 대장 제출일,<HR>,2024년 6월 28일,,No,,No,,,,,,
추가연장근무 대장 제출일,<HR>,2024년 7월 31일,,No,,No,,,,,,
추가근무 대장 제출일,<HR>,2024년 8월 29일,,No,,No,,,,,,
"스윗맘 회의 ",,2024년 4월 29일,,No,,No,,,,,,
입고 : 도형특강 교재,<물류>,2024년 5월 7일,임정식,No,,No,,,,"강성희, 최은주, 한경민",,
입고 : 초등사고력2단계 교재,<물류>,2024년 5월 17일,임정식,No,,No,,,,"강성희, 한경민, 최은주",,
매직큐브,<공구>,2024년 5월 28일 → 2024년 5월 31일,김다미,No,,No,,,"https://naver.me/GielAkRq @김다미 ",,,
김채원 연차,<휴가>,2024년 5월 10일,,No,,No,,,,,,
김채원 연차,<휴가>,2024년 6월 10일 → 2024년 6월 12일,,No,,No,,,,,,
<유튜브촬영> w/현서네,<출간>,2024년 5월 10일,최경희,No,,No,,,,강성희,,
<라방> w/동심공작소,"<라방>, <출간>",2024년 5월 17일 오후 10:00 (GMT+9),최경희,No,,No,,,,"강성희, 최은주",,
책 리뷰이벤트 발표하기,,2024년 5월 14일,김다미,No,,No,,,,,,
<인터뷰> 인터뷰,<출간>,2024년 5월 13일,최경희,No,,No,,,,강성희,,
남선영 오전 반차(병가),<휴가>,2024년 5월 9일 오전 10:00 (GMT+9) → 오후 12:00,,No,,No,,,,,,
비상 : 2학기 문제집,<공구>,2024년 6월 25일 → 2024년 7월 1일,이정원,No,,No,,,,,,
넘버블럭스,<공구>,2024년 7월 9일,김다미,No,,No,,,"https://naver.me/5T4Ic7fv @김다미 ",,,
이정원 최은주 연차,<휴가>,2024년 6월 7일,,No,,No,,,,,,
매직큐브 이관 계약,<미팅>,2024년 5월 21일,"최경희, 강성희, 한경민",No,,No,,,,"김다미, 최은주",,
출판사 : 아이스크림,<미팅>,2024년 5월 23일 오후 2:00 (GMT+9),"최경희, 강성희",No,,No,,,,,,
생각투자,<미팅>,2024년 6월 3일 오후 2:00 (GMT+9),"최경희, 강성희",No,,No,,,,,,
출판사 : 북21,<미팅>,2024년 5월 24일 오전 11:00 (GMT+9),"최경희, 강성희",No,,No,,,,,,
출판사 : 웅진지식하우스,<미팅>,2024년 5월 17일 오전 11:00 (GMT+9),"최경희, 강성희",No,,No,,,,,,
남선영 부재(자리비움),<휴가>,2024년 5월 21일 오전 9:30 (GMT+9) → 오전 10:30,,No,,No,,,,,,
강성희 오전반차,,2024년 5월 22일,,No,,No,,,,,,
(오전) 조승우 작가 촬영,"<미팅>, <출간>",2024년 5월 31일,최경희,No,,No,,,,강성희,,
"초등 1단계 체크데이 ",,2024년 6월 3일,김다미,No,,No,,,,,,
[공휴일]현충일,,2024년 6월 6일,,No,,No,,,,,,
남선영 부재,<휴가>,2024년 5월 30일 오후 1:00 (GMT+9) → 오후 3:00,,No,,No,,,,,,
김다미 연차,<휴가>,2024년 6월 12일,,No,,No,,,,,,
출판사 : 혜지원,<미팅>,2024년 6월 3일 오전 11:00 (GMT+9),"최경희, 강성희",No,,No,,,,,,
강성희연차,<휴가>,2024년 6월 7일,,No,,No,,,,,,
지오콘,<공구>,2024년 7월 23일 → 2024년 7월 29일,이정원,No,,No,,,"https://naver.me/Fw71eBnb @이정원 ",,,
일프로연산,<공구>,2024년 8월 9일 → 2024년 8월 15일,김채원,No,,No,,,,,,
유아사고력2단계 감리,<외근>,2024년 6월 10일,한경민,No,,No,,,,,,
남선영 연차,<휴가>,2024년 6월 17일 → 2024년 6월 19일,,No,,No,,,,,,
," <모집>",,,No,,No,,,,,,
문화센터 강연 - 롯데백화점 대구점,"<외근>, <출간>",2024년 8월 23일,"강성희, 최경희, 김다미",No,,No,,,,,,
문화센터 강연 - 롯데백화점 부산본점,"<외근>, <출간>",2024년 8월 24일,"최경희, 강성희, 김다미",No,,No,,,,,,
문화센터 강연 - 롯데백화점 동탄점,"<강연회>, <외근>, <출간>",2024년 9월 27일 오전 11:00 (GMT+9) → 오후 12:30,"최경희, 강성희",No,,No,,,,"김채원, 정지윤",,
홈앤오피스 타공기 & 달콤바인더,<공구>,2024년 8월 27일 → 2024년 9월 2일,Yoonjee Lee,No,,No,,,,,,
이윤지 연차,<휴가>,2024년 6월 21일,,No,,No,,,,,,
제2회 달콤 컬쳐데이,<기념일>,2024년 6월 19일,"최은주, 임정식",No,,No,,,,"강성희, 한경민, 이정원, 김채원, 김다미, 최경희, Yoonjee Lee, 미경 유",,
[광고] 아이들나라 넘버블럭스의 건,<기타>,2024년 6월 26일,최경희,No,,No,,,,"김채원, 김다미, 강성희, 최은주",,
mbc 여성시대  열린화요일,"<라방>, <외근>, <출간>",2024년 6월 25일,최경희,No,,No,,,,강성희,,
정지윤 휴가,<휴가>,2024년 6월 17일,정지윤,No,,No,,,,,,
정지윤 연차,<휴가>,2024년 6월 25일,,No,,No,,,,,,
최은주 휴가,<휴가>,2024년 6월 20일,,No,,No,,,,"강성희, 한경민, 임정식",,
홈페이지 & 수배열판 특강 오픈," <모집>",2024년 8월 22일 → 2024년 8월 28일,최은주,No,,No,,,,,,
유아사고력1단계 (1/6),<플젝>,2024년 9월 24일 오후 10:30 (GMT+9),최경희,No,,No,,,,,,
유아사고력1단계 (6/6),<플젝>,2024년 11월 12일 오후 10:30 (GMT+9),최경희,No,,No,,,,,,
유아사고력1단계 (2/6),<플젝>,2024년 9월 30일 오후 10:30 (GMT+9),최경희,No,,No,,,,,,
유아사고력1단계 (3/6),<플젝>,2024년 10월 15일 오후 10:30 (GMT+9),최경희,No,,No,,,,,,
유아사고력1단계 (4/6),<플젝>,2024년 10월 22일 오후 10:30 (GMT+9),최경희,No,,No,,,,,,
유아사고력1단계 (5/6),<플젝>,2024년 11월 5일 오후 10:30 (GMT+9),최경희,No,,No,,,,,,
초등사고력1단계 (1/6),<플젝>,2024년 11월 7일 오후 10:30 (GMT+9),,No,,No,,,,,,
초등사고력1단계 (6/6),<플젝>,2024년 12월 26일 오후 10:30 (GMT+9),,No,,No,,,,,,
초등사고력1단계 (2/6),<플젝>,2024년 11월 14일 오후 10:30 (GMT+9),,No,,No,,,,,,
초등사고력1단계 (3/6),<플젝>,2024년 11월 28일 오후 10:30 (GMT+9),,No,,No,,,,,,
초등사고력1단계 (4/6),<플젝>,2024년 12월 5일 오후 10:30 (GMT+9),,No,,No,,,,,,
초등사고력1단계 (5/6),<플젝>,2024년 12월 19일 오후 10:30 (GMT+9),,No,,No,,,,,,
초등사고력2단계 (1/6),<플젝>,2024년 12월 3일 오후 10:30 (GMT+9),,No,,No,,,,,,
초등사고력2단계 (3/6),<플젝>,2024년 12월 17일 오후 10:30 (GMT+9),,No,,No,,,,,,
유튜브 촬영,"<촬영>, <출간>",2024년 7월 22일 오후 1:00 (GMT+9),"미경 유, 최경희, 강성희",No,,No,,,,,,
경영본부 회의,<회의>,2024년 7월 4일,"강성희, 임정식, 최은주, 남선영",No,,No,,,,"최경희, 한경민",,
강성희 연차,<휴가>,2024년 7월 5일,,No,,No,,,,,,
"7월 모집 스윗맘 (1/6) ",<스윗맘>,2024년 7월 9일,김채원,No,,No,,,,,,
7월 모집 스윗맘 (2/6),<스윗맘>,2024년 7월 16일,이정원,No,,No,,,,,,
7월 모집 스윗맘 (3/6),<스윗맘>,2024년 7월 23일,김채원,No,,No,,,,,,
7월 모집 스윗맘 (4/6),<스윗맘>,2024년 7월 30일,김다미,No,,No,,,,,,
7월 모집 스윗맘 (5/6),<스윗맘>,2024년 8월 6일,이정원,No,,No,,,,,,
7월 모집 스윗맘 (6/6),<스윗맘>,2024년 8월 13일,김다미,No,,No,,,,,,
매직큐브,<공구>,2024년 9월 3일 → 2024년 9월 6일,김다미,No,,No,,,"https://naver.me/Gq8Ndsds @김채원 ",,,
가베가족 블록지 저울 공구,<공구>,2024년 8월 1일 → 2024년 8월 4일,김채원,No,,No,,,https://naver.me/xoHtOr8d,,,
"수배열판, 트라이팩타 외",<공구>,2024년 8월 13일 → 2024년 8월 18일,김다미,No,,No,,,,,,
최은주 업무 폴더_공구 예정 항목 (9월 이후),<공구>,2024년 12월 29일,최은주,No,,No,,,,,,
유튜브 촬영,<촬영>,2024년 7월 17일,"김다미, 김채원, 미경 유, 최경희",No,,No,,,,,,
정지윤 연차,<휴가>,2024년 8월 1일,정지윤,No,,No,,,,,,
주간회의,<회의>,2024년 7월 15일 오전 10:00 (GMT+9),,No,,No,,,,,,
주간회의,<회의>,2024년 9월 30일 오전 10:00 (GMT+9),,No,,No,,,,,,
주간회의,<회의>,2024년 7월 22일 오전 10:00 (GMT+9),,No,,No,,,,,,
주간회의,<회의>,2024년 7월 29일 오전 10:00 (GMT+9),,No,,No,,,,,,
주간회의,<회의>,2024년 8월 5일 오전 10:00 (GMT+9),,No,,No,,,,,,
주간회의,<회의>,2024년 8월 12일 오전 10:00 (GMT+9),,No,,No,,,,,,
주간회의,<회의>,2024년 8월 19일 오전 10:00 (GMT+9),,No,,No,,,,,,
주간회의,<회의>,2024년 8월 26일 오전 10:00 (GMT+9),,No,,No,,,,,,
주간회의,<회의>,2024년 9월 2일 오전 10:00 (GMT+9),,No,,No,,,,,,
주간회의,<회의>,2024년 9월 16일 오전 10:00 (GMT+9),,No,,No,,,,,,
주간회의,<회의>,2024년 9월 23일 오전 10:00 (GMT+9),,No,,No,,,,,,
추석 연휴,<기념일>,2024년 9월 16일 → 2024년 9월 18일,,No,,No,,,,,,
소마큐브특강," <모집>",2024년 9월 26일 → 2024년 10월 2일,정지윤,No,,No,,,,,,
가베가족 유아교구전 및 시계,<공구>,2024년 9월 26일,이정원,No,,No,,,,,,
김영사 New 기초잡는 수학동화,<공구>,2024년 9월 19일,김채원,No,,No,,,,,,
리템,<공구>,2024년 10월 2일,Yoonjee Lee,No,,No,,,,,,
,,2024년 6월 30일,,No,,No,,,,,,
꿀쌤휴가,<휴가>,2024년 7월 26일 → 2024년 7월 31일,최경희,No,,No,,,,,,
가베가족 도형교구전,<공구>,2024년 10월 17일 → 2024년 10월 23일,김다미,No,,No,,,,,,
최은주 연차,<휴가>,2024년 8월 6일 → 2024년 8월 7일,,No,,No,,,,,,
달콤한 토도스터디(9기) 완주자 명단 전달,<기타>,2024년 9월 11일,"남선영, 최은주",No,,No,,,,,,
"도형, 분수소수, upgo 메일 발송",,2024년 8월 6일,"남선영, 미경 유",No,,No,,,,,,
여름방학 특강전 등업 완료,<기타>,2024년 8월 2일,남선영,No,,No,,,,,,
부대표님 휴가,<휴가>,2024년 8월 5일 → 2024년 8월 8일,강성희,No,,No,,,,,,
이정원 연차,<휴가>,2024년 7월 29일 → 2024년 8월 2일,,No,,No,,,,,,
대전 용운도서관,"<강연회>, <외근>, <출간>",2024년 10월 17일,,No,,No,,,,,,
김다미 반차,<휴가>,2024년 8월 9일,,No,,No,,,,,,
김다미 연차,<휴가>,2024년 8월 16일,,No,,No,,,,,,
"김다미 연차 ",<휴가>,2024년 8월 30일,,No,,No,,,,,,
"대표님 연수(오전, 학원설립 송파교육청)",<외근>,2024년 8월 29일 오전 10:00 (GMT+9) → 오후 12:00,"최경희, 강성희",No,,No,,,,임정식,,
,,2024년 8월 12일,,No,,No,,,,,,
북21,"<미팅>, <출간>",2024년 8월 29일 오전 10:30 (GMT+9),"최경희, 강성희, 정지윤",No,,No,,,,,,
임정식 연차,<휴가>,2024년 8월 16일,,No,,No,,,,,,
"곱셈나눗셈, 분수소수 특강 메일 발송, 등업완료",,2024년 8월 21일,"남선영, 미경 유",No,,No,,,,,,
스윗맘 명단 공지,,2024년 8월 23일,남선영,No,,No,,,,,,
스윗맘 1주차(수와연산),,2024년 9월 10일,이정원,No,,No,,,,,,
스윗맘 모집 (9-10월),,2024년 9월 2일 → 2024년 9월 4일,남선영,No,,No,,,,,,
스윗맘 2주차 (도형),,2024년 9월 24일,김다미,No,,No,,,,,,
스윗맘 3주차(측정),,2024년 9월 30일,김채원,No,,No,,,,,,
스윗맘 4주차(규칙),,2024년 10월 8일,이정원,No,,No,,,,,,
스윗맘 5주차(문제해결),,2024년 10월 15일,김다미,No,,No,,,,,,
스윗맘 모집(11-12월),<스윗맘>,2024년 11월 4일 → 2024년 11월 6일,남선영,No,,No,,,,,,
스윗맘 1주차(수와연산),<스윗맘>,2024년 11월 12일,김채원,No,,No,,,,,,
스윗맘 2주차(도형),<스윗맘>,2024년 11월 19일,이정원,No,,No,,,,,,
스윗맘 3주차(측정),<스윗맘>,2024년 11월 26일,김다미,No,,No,,,,,,
스윗맘 4주차(수와연산),<스윗맘>,2024년 12월 3일,김채원,No,,No,,,,,,
스윗맘 5주차(분류),<스윗맘>,2024년 12월 10일,김다미,No,,No,,,,,,
스윗맘 6주차(문제해결),<스윗맘>,2024년 12월 17일,이정원,No,,No,,,,,,
교육팀 유아 1단계 (컨텐츠 회의),<회의>,2024년 8월 28일,"김채원, 김다미, 정지윤, 이정원, 최경희",No,,No,,,,,,
스타필드안성,<강연회>,2024년 11월 29일 오전 11:00 (GMT+9),"최경희, 강성희, 김채원",No,,No,,,,,,
수원트레이더스,<강연회>,2024년 12월 6일,"최경희, 강성희, 김다미",No,,No,,,,"정지윤, 최은주",,
보만수 북토크 라이브 (유아모집)," <모집>, <라방>",2024년 9월 5일,"김채원, 최경희",No,,No,,,,"김다미, 정지윤, 이정원",,
일프로연산,<공구>,2024년 12월 3일 → 2024년 12월 9일,김다미,No,,No,,,,,,
토도수학,<공구>,2024년 10월 14일 → 2024년 10월 18일,이정원,No,,No,,,,,,
바이킹 멘사,<공구>,2024년 9월 10일 → 2024년 9월 16일,,No,,No,,,,,,
추석,<기념일>,2024년 9월 16일 → 2024년 9월 18일,,No,,No,,,,,,
사파리 수학없는수학,<공구>,2024년 10월 29일 → 2024년 11월 4일,김채원,No,,No,,,,,,
최은주 휴가,<휴가>,2024년 9월 5일 → 2024년 9월 6일,,No,,No,,,,,,
브레이닝 칠교 (+성냥개비),<공구>,2024년 10월 10일 → 2024년 10월 16일,김채원,No,,No,,,,,,
최은주 차장님 생일🎂,<기념일>,2024년 9월 7일,,No,,No,,,,,,
최경희 대표님 생일🎂,<기념일>,2025년 2월 10일,,No,,No,,,,,,
이정원 선생님 생일🎂,<기념일>,2024년 12월 18일,,No,,No,,,,,,
김채원 선생님 생일🎂,<기념일>,2025년 1월 29일,,No,,No,,,,,,
강성희 부대표님 생일🎂,<기념일>,2025년 1월 9일,,No,,No,,,,,,
"임정식 부장님 생일🎂(음,1.5)",<기념일>,2025년 2월 2일,,No,,No,,,,,,
정지윤 실장님 생일🎂,<기념일>,2025년 1월 12일,,No,,No,,,,,,
남선영 생일🎂,<기념일>,2025년 1월 18일,,No,,No,,,,,,
"[임시공휴일]국군의 날 ",,2024년 10월 1일,,No,,No,,,,,,
유미경 차장님 생일🎂,<기념일>,2025년 3월 12일,,No,,No,,,,,,
이윤지 선생님 생일🎂,<기념일>,2024년 12월 22일,,No,,No,,,,,,
지오콘,<공구>,2024년 11월 29일,이정원,No,,No,,,"https://naver.me/GRoeGDND @이정원 @윤지 이 ",,,
김채원 휴가,<휴가>,2024년 9월 11일,,No,,No,,,,,,
김채원 연차,<휴가>,2024년 10월 17일 → 2024년 10월 18일,,No,,No,,,,,,
김채원 연차,<휴가>,2024년 10월 21일,,No,,No,,,,,,
남선영 오후 반차,<휴가>,2024년 9월 11일,,No,,No,,,,,,
남선영 연차,<휴가>,2024년 9월 12일,,No,,No,,,,,,
남선영 연차,<휴가>,2024년 9월 13일,,No,,No,,,,,,
넘버블록스,<공구>,2024년 11월 12일,김다미,No,,No,,,"https://naver.me/5xjXdVQ6 @김다미 ",,,
가베가족 수연산게임,<공구>,2024년 11월 19일,김채원,No,,No,,,,,,
중앙일보 온라인 컨퍼런스,<기타>,2024년 11월 6일,최경희,No,,No,,,,,,
가베가족 수교구,<공구>,2024년 10월 22일,김다미,No,,No,,,,,,
트레이더스&스타필드 모집일,<강연회>,2024년 10월 24일,강성희,No,,No,2024년 10월 24일 오전 10:00 (GMT+9),,,최은주,,
이정원 오전 반차,<휴가>,2024년 10월 30일,,No,,No,,,,,,
이정원 오후 반차,<휴가>,2024년 11월 1일,,No,,No,,,,,,
,,2024년 10월 2일,,No,,No,,,,,,
김다미 연차,<휴가>,2024년 10월 2일,김다미,No,,No,,,,,,
김다미 연차,<휴가>,2024년 10월 7일 → 2024년 10월 8일,김다미,No,,No,,,,,,
"김다미 연차 ",<휴가>,2024년 10월 10일 → 2024년 10월 11일,김다미,No,,No,,,,,,
[공휴일]한글날,,2024년 10월 9일,,No,,No,,,,,,
[공휴일]개천절,,2024년 10월 3일,,No,,No,,,,,,
이윤지 연차,<휴가>,2024년 9월 30일,윤지 이,No,,No,,,,,,
이윤지 연차,<휴가>,2024년 10월 4일,윤지 이,No,,No,,,,,,
김다미 연차,<휴가>,2024년 10월 4일,김다미,No,,No,,,,,,
최은주 업무 폴더_공구 예정 항목 (9월 이후),<공구>,2024년 12월 29일,최은주,No,,No,,,,,,
이정원 연차,<휴가>,2024년 10월 4일,,No,,No,,,,,,
신세계 대구,<강연회>,2025년 2월 2일,"최경희, 강성희",No,,No,,,,정지윤,,
이윤지 연차,<휴가>,2024년 10월 15일,,No,,No,,,,,,
달콤바인더 & 칼타공기,<공구>,2024년 12월 12일,,No,,No,,,,,,
소마셈 & 팩토 (개정판) & 팩토슐레,<공구>,2024년 11월 4일,이정원,No,,No,,,,,,
바인더 입고 예정(폭설로 연기→12/2,<공구>,2024년 12월 2일,"남선영, 한경민",No,,No,,,,"강성희, 최은주",,
cj대한통운 담당자 미팅,<미팅>,2024년 10월 16일 오후 2:00 (GMT+9),"강성희, 남선영",No,,No,,,,,,
매직큐브,<공구>,2024년 12월 9일 → 2024년 12월 13일,김채원,No,,No,,,https://naver.me/FbOLL68Z,,,
강성희 연차,<휴가>,2024년 10월 23일,,No,,No,,,,,,
수&연산카드 출시,<공구>,2024년 10월 24일,,No,,No,,,,,,
"수카드 키즈모델 촬영(오후 2시,12층) ",,2024년 10월 21일,,No,,No,,,,,,
행복한바오밥,<공구>,2024년 12월 16일,김채원,No,,No,,,https://naver.me/5k7WOQnq,,,
이정원 연차,<휴가>,2024년 11월 8일,,No,,No,,,,,,
최은주 연차,<휴가>,2024년 10월 31일,,No,,No,,,,최은주,,
수배열판 특강," <모집>",2024년 12월 18일,,No,,No,,,,,,
소마큐브 특강," <모집>",2024년 12월 9일,,No,,No,,,,,,
아해교육포럼 (르켄렉 계약 1년),<공구>,2025년 10월 29일,"최은주, 강성희",No,,No,,,,,,
르켄렉 계약 만료 30일 전,<기타>,2025년 9월 29일,,No,,No,,,,,,
김채원 연차,<휴가>,2024년 11월 18일,,No,,No,,,,,,
구립증산정보도서관,<강연회>,2024년 11월 21일,,No,,No,,,,"최경희, 강성희, 정지윤",,
,,,,No,,No,,,,,,
비상,<공구>,2024년 12월 26일 → 2025년 1월 1일,이정원,No,,No,,,,,,
바인더 계약 종료 1개월 전,<공구>,2025년 9월 5일,,No,,No,,,,,,
이윤지 연차,<휴가>,2024년 11월 29일,,No,,No,,,,,,
스윗맘 모집," <모집>, <스윗맘>",2025년 1월 6일,남선영,No,,No,,,인증글3개+후기1개로 신청서폼 변경,,,
남선영 연차,<휴가>,2024년 11월 13일,,No,,No,,,,,,
이윤지 연차,<휴가>,2024년 12월 19일,,No,,No,,,,,,
이윤지 연차,<휴가>,2024년 12월 24일,,No,,No,,,,,,
2024 연말파티 7:30,<기념일>,2024년 12월 20일,,No,,No,,,,,,
점심식사,<기념일>,2024년 11월 15일,,No,,No,,,,,,
초등사고력2단계 (2/6),<플젝>,2024년 12월 10일 오후 10:30 (GMT+9),,No,,No,,,,,,
꿀쌤 릴스  촬영,<촬영>,2024년 11월 15일 오전 11:00 (GMT+9) → 오후 12:00,"최경희, 김다미, 김채원",No,,No,,,,,,
이정원 연차,<휴가>,2024년 12월 9일 → 2024년 12월 10일,,No,,No,,,,,,
최은주 연차,<휴가>,2024년 11월 27일,,No,,No,,,,,,
[달콤 토크 & 키 출판사] 그림으로 개념 잡는 초등 수학 시리즈 오후 촬영,<촬영>,2024년 11월 18일,미경 유,No,시작 전,No,,,,"최경희, 강성희",,
유미경 연차,<휴가>,2024년 11월 22일,,No,,No,,,,,,
,,,,No,,No,,,,,,
,,,,No,,No,,,,,,
이정원 연차,<휴가>,2024년 12월 6일,,No,,No,,,,,,
최은주 대체휴가,<휴가>,2024년 12월 18일,,No,,No,,,,최은주,,
지오콘 컨텐츠 촬영,<촬영>,2024년 11월 27일,,No,,No,,,,,,
"점심식사 ",<기념일>,2024년 12월 2일,,No,,No,,,,,,
"2024, 달콤으로 채웠다 행사",<이벤트>,2024년 12월 14일,,No,,No,,,,,,
김다미 연차,<휴가>,2024년 12월 24일,,No,,No,,,,,,
김다미 연차,<휴가>,2024년 12월 23일,,No,,No,,,,,,
[공휴일]크리스마스,,2024년 12월 25일,,No,,No,,,,,,
[공휴일]신정,,2025년 1월 1일,,No,,No,,,,,,
남선영 연차,<휴가>,2024년 12월 4일,,No,,No,,,,,,
가베가족 분수교구전,<공구>,2025년 1월 2일 → 2025년 1월 8일,김채원,No,,No,,,,,,
만만한수학,<공구>,2025년 2월 6일 → 2025년 2월 12일,윤지 이,No,,No,,,,,,
수배열판 (교구 단품) & 보석칩,<공구>,2025년 2월 11일 → 2025년 2월 17일,윤지 이,No,,No,,,,,,
노리터보드,<공구>,2025년 1월 7일 → 2025년 1월 13일,최은주,No,,No,,,,,,
수배열판,<공구>,2024년 12월 18일,김다미,No,,No,,,,,,
김채원 대체휴가,<휴가>,2024년 12월 16일,,No,,No,,,,,,
어린이과학동아 어린이수학동아,<공구>,2025년 2월 20일 → 2025년 2월 26일,김채원,No,,No,,,,,,
초등사고력3단계(4기)," <모집>",2025년 1월 2일 → 2025년 1월 9일,이정원,No,,No,,,"https://naver.me/FLyp2aue @이정원 ",,,
하남 신세계 스타필드,<강연회>,2025년 3월 28일 오전 11:10 (GMT+9),,No,,No,,,,"최경희, 정지윤, 강성희",,
브레이닝 만칼라&칠교&성냥개비,<공구>,2025년 1월 16일 → 2025년 1월 22일,김다미,No,,No,,,,,,
줌 미팅 : 한다글다글,<공구>,2025년 1월 7일 오후 2:00 (GMT+9),,No,,No,,,,"최은주, 강성희",,
김채원 오후반차,<휴가>,2024년 12월 24일,,No,,No,,,,,,
도형특강," <모집>",2025년 1월 20일 → 2025년 1월 23일,,No,,No,,,,,,
"소마셈, 팩토, 팩토슐레",<공구>,2025년 2월 18일 → 2025년 2월 24일,이정원,No,,No,,,,,,
"겨울방학 특강 : 곱나 & 분수소수 (홈페이지, 기존녹화분)"," <모집>",2025년 2월 4일 → 2025년 2월 10일,,No,,No,,,,,,
"2025-1월, 스윗맘 1주차",<스윗맘>,2025년 1월 14일,김채원,No,,No,,,,,,
"2025-1월, 스윗맘 2주차",<스윗맘>,2025년 1월 21일,이정원,No,,No,,,,,,
"2025-1월, 스윗맘 3주차",<스윗맘>,2025년 2월 4일,김다미,No,,No,,,,,,
"2025-1월, 스윗맘 4주차",<스윗맘>,2025년 2월 11일,김채원,No,,No,,,,,,
"2025-1월, 스윗맘 5주차",<스윗맘>,2025년 2월 18일,이정원,No,,No,,,,,,
"2025-1월, 최종 명단 공지",<스윗맘>,2025년 2월 27일,,No,,No,,,,,,
"2025년-3월 스윗맘 모집 ",<스윗맘>,2025년 3월 4일 → 2025년 3월 6일,남선영,No,,No,,,,,,
초등사고력2단계 (4/6),<플젝>,2025년 1월 7일,,No,,No,,,,,,
초등사고력2단계 (5/6),<플젝>,2025년 1월 14일,,No,,No,,,,,,
초등사고력2단계 (6/6),<플젝>,2025년 1월 21일,,No,,No,,,,,,
"초등사고력2단계 프로젝트 종료일 ",<플젝>,2025년 2월 18일,,No,,No,,,,,,
[런칭] 달콤해! 수배열판,<공구>,2025년 2월 11일 → 2025년 2월 17일,,No,,No,,,,,,
초등사고력3단계(1/6),<플젝>,2025년 1월 16일,,No,,No,,,,,,
초등사고력3단계(2/6),<플젝>,2025년 1월 23일,,No,,No,,,,,,
동아닷컴 인터뷰,<촬영>,2025년 1월 14일 오전 10:00 (GMT+9),,No,,No,,,,"최경희, 강성희",,
초등사고력 3단계 프로젝트(3/6),<플젝>,2025년 2월 6일,,No,,No,,,,,,
초등사고력3단계 프로젝트(4/6),<플젝>,2025년 2월 13일,,No,,No,,,,,,
초등사고력3단계 프로젝트(5/6),<플젝>,2025년 2월 27일,,No,,No,,,,,,
초등사고력3단계 프로젝트(+1),<플젝>,2025년 3월 13일,,No,,No,,,,,,
설날연휴,,2025년 1월 27일 → 2025년 1월 30일,,No,,No,,,,,,
,,2025년 1월 28일,,No,,No,,,,,,
강성희,<휴가>,2025년 1월 17일,,No,,No,,,,,,
비공개 링크 : 분수소수,<공구>,2025년 2월 4일 → 2025년 2월 9일,,No,,No,,,,,,
달콤해!수배열판 프리뷰 클래스 A (3회),<이벤트>,2025년 1월 20일 오후 1:30 (GMT+9),,No,,No,,,,,,
달콤해!수배열판 프리뷰 클래스 A (2회),<이벤트>,2025년 1월 17일 오후 1:30 (GMT+9),,No,,No,,,,,,
달콤해!수배열판 프리뷰 클래스 B (3회),<이벤트>,2025년 1월 20일 오후 3:30 (GMT+9),,No,,No,,,,,,
달콤해!수배열판 프리뷰 클래스 A (1회),<이벤트>,2025년 1월 15일 오후 1:30 (GMT+9),,No,,No,,,,"정지윤, 남선영, 강성희, 최경희",,
달콤해!수배열판 프리뷰 클래스 B (1회),<이벤트>,2025년 1월 15일 오후 3:30 (GMT+9),,No,,No,,,,,,
달콤해!수배열판 프리뷰 클래스 B (2회),<이벤트>,2025년 1월 17일 오후 3:30 (GMT+9),,No,,No,,,,,,
달콤 수&연산카드 모델 종료일,<기념일>,2029년 10월 20일,,No,,No,,,,,,
달콤 수&연산카드 모델 종료일 D-6개월,<기념일>,2029년 4월 20일,,No,,No,,,,,,
까치까치설날,<기념일>,2025년 1월 27일 → 2025년 1월 30일,,No,,No,,,,,,
[비밀링크] 수모형 (일부 예약배송),<공구>,2025년 1월 17일 → 2025년 1월 21일,,No,,No,,,,,,
홈페이지 특강 후기 이벤트 경품 발송,<기타>,2025년 2월 5일,,No,,No,,,,"남선영, 최은주",,
남선영 연차,<휴가>,2025년 1월 22일,,No,,No,,,,,,
홈페이지 관련 줌미팅,<회의>,2025년 1월 24일 오후 1:30 (GMT+9),"최은주, 남선영",No,,No,,,,,,
2024 강연회 일정 정리,<강연회>,2024년 12월 31일,,No,,No,,,,,,
이정원 오전 반차,<기타>,2025년 2월 4일,,No,,No,,,,,,
이정원 연차,<휴가>,2025년 2월 12일,,No,,No,,,,,,
이윤지 휴가,<휴가>,2025년 2월 21일,,No,,No,,,,,,
정지윤 연차,<휴가>,2025년 2월 27일 → 2025년 2월 28일,,No,,No,,,,,,
이윤지 휴가,<휴가>,2025년 3월 4일,,No,,No,,,,,,
매직큐브 큐블로,<공구>,2025년 2월 24일 → 2025년 3월 2일,김다미,No,,No,,,,,,
유아사고력 프로젝트 (리뉴얼)," <모집>",2025년 3월 20일 → 2025년 3월 26일,,No,,No,,,,,,
달콤바인더,<공구>,2025년 4월 3일 → 2025년 4월 9일,,No,,No,,,,,,
칼타공기,<공구>,2025년 4월 3일 → 2025년 4월 9일,,No,,No,,,,,,
젬블로,<공구>,2025년 3월 11일 → 2025년 3월 17일,,No,,No,,,https://naver.me/FxFoPvag,,,
넘버블록스,<공구>,2025년 8월 1일 → 2025년 8월 6일,,No,,No,,,https://naver.me/5v3Ik14K,,,
리뷰플레이스 체험단&구매평 이벤트 소진일,"<공구>, <이벤트>",2026년 1월 31일,,No,,No,,,,,,
달콤해 수배열판 프라이빗 라방,<라방>,2025년 2월 20일 오전 12:00 (GMT+9),,No,,No,,,,,,
남선영 연차,<휴가>,2025년 2월 17일 → 2025년 2월 19일,,No,,No,,,,,,
김채원 연차,<휴가>,2025년 3월 28일,,No,,No,,,,,,
김채원 연차,<휴가>,2025년 4월 7일 → 2025년 4월 7일,,No,,No,,,,,,
김채원 연차,<휴가>,2025년 4월 3일 → 2025년 4월 4일,,No,,No,,,,,,
이정원 연차,<휴가>,2025년 3월 4일,,No,,No,,,,,,
소마큐브 특강 (홍보)," <모집>",2025년 2월 24일,,No,,No,,,,,,
최은주 연차,<휴가>,2025년 2월 19일 → 2025년 2월 27일,,No,,No,,,,,,
김영사 기초잡는 수학동화,,2025년 3월 4일 → 2025년 3월 10일,,No,,No,,,,,,
스윗맘 명단 발표,<스윗맘>,2025년 3월 10일,남선영,No,,No,,,,,,
"2025년-3월, 스윗맘 1주차",<스윗맘>,2025년 3월 11일,,No,,No,,,,,,
"2025년-3월, 스윗맘 2주차",<스윗맘>,2025년 3월 18일,,No,,No,,,,,,
"2025년-3월, 스윗맘 3주차",<스윗맘>,2025년 3월 25일,,No,,No,,,,,,
"2025년-3월, 스윗맘 4주차",<스윗맘>,2025년 4월 1일,,No,,No,,,,,,
"2025년-3월, 스윗맘 5주차",<스윗맘>,2025년 4월 8일,,No,,No,,,,,,
"2025년-3월, 스윗맘 6주차",<스윗맘>,2025년 4월 15일,,No,,No,,,,,,
"2025년-3월, 스윗맘 명단공지",<스윗맘>,2025년 4월 24일,남선영,No,,No,,,,,,
정지윤 연차,<휴가>,2025년 3월 4일,,No,,No,,,,,,
유튜브 구구단 쇼츠,,2025년 2월 26일,,No,,No,,,,"미경 유, 김채원",,
김영사 수학동화,<공구>,2025년 3월 4일 → 2025년 3월 10일,,No,,No,,,,,,
,,2025년 3월 6일,,No,,No,,,,,,
초등사고력3단계 프로젝트(6/6),<플젝>,2025년 3월 6일,,No,,No,,,,,,
이정원 연차,<휴가>,2025년 3월 19일,,No,,No,,,,,,
유아사고력1단계 공유,<회의>,2025년 3월 10일,,No,,No,,,,"최은주, 남선영",,
남선영 반차,<휴가>,2025년 3월 14일,,No,,No,,,,,,
달콤해! 수배열판!,<공구>,2025년 3월 26일 → 2025년 4월 1일,,No,,No,,,,,,
"수배열판, 보석칩",<공구>,2025년 4월 2일 → 2025년 4월 6일,,No,,No,,,,,,
유자수(유아자신감수학),<공구>,2025년 5월 13일 → 2025년 5월 19일,,No,,No,,,,,,
"TOP사고력, 교과셈 (천종현연구소)",<공구>,2025년 5월 29일 → 2025년 6월 4일,이정원,No,,No,,,,,,
수모형 외 수교구 (신상 추가),<공구>,2025년 4월 8일 → 2025년 4월 14일,,No,,No,,,,,,
"브레이닝 칠교, 지오콘",<공구>,2025년 4월 15일 → 2025년 4월 21일,,No,,No,,,"https://naver.me/56RGTlV9 @김채원 ",,,
"[정식런칭] 달콤 직산판, 직산카드,ㅈ",<공구>,2025년 4월 24일 → 2025년 4월 28일,,No,,No,,,,,,
직산특강," <모집>",2025년 4월 24일 → 2025년 4월 28일,,No,,No,,,,,,
초등사고력 1단계 프로젝트 (13기)," <모집>",2025년 4월 9일 → 2025년 4월 15일,,No,,No,,,,,,
"시계(신규 추가), 패턴블록",<공구>,2025년 5월 20일 → 2025년 5월 26일,,No,,No,,,,,,
"유아사고력2단계 "," <모집>",2025년 7월 7일 → 2025년 7월 11일,,No,,No,,,https://naver.me/xXwAM3Xs,,,
유아사고력1단계(13기) 1/6,<플젝>,2025년 4월 3일,,No,,No,,,,,,
초등사고력2단계(9기) 3/6,<플젝>,2025년 6월 26일,,No,,No,,,,,,
유아사고력1단계(13기) 2/6,<플젝>,2025년 4월 10일,,No,,No,,,,,,
유아사고력1단계(13기) 3/6,<플젝>,2025년 4월 24일,,No,,No,,,,,,
유아사고력1단계(13기) 4/6,<플젝>,2025년 5월 8일,,No,,No,,,,,,
유아사고력1단계(13기) 5/6,<플젝>,2025년 5월 15일,,No,,No,,,,,,
유아사고력1단계(13기) 6/6,<플젝>,2025년 5월 29일,,No,,No,,,,,,
초등사고력1단계(13기) 1/6,<플젝>,2025년 4월 23일,최경희,No,,No,,,,,,
초등사고력1단계(13기) 6/6,<플젝>,2025년 6월 11일,,No,,No,,,,,,
초등사고력2단계(9기) 6/6,<플젝>,2025년 7월 24일,,No,,No,,,,,,
초등사고력2단계(9기) 4/6,<플젝>,2025년 7월 3일,,No,,No,,,,,,
초등사고력2단계(9기) 5/6,<플젝>,2025년 7월 17일,,No,,No,,,,,,
초등사고력2단계(9기) 1/6,<플젝>,2025년 6월 5일,,No,,No,,,,,,
초등사고력2단계(9기) 2/6,<플젝>,2025년 6월 12일,,No,,No,,,,,,
초등사고력1단계(13기) 2/6,<플젝>,2025년 4월 30일,,No,,No,,,,,,
초등사고력1단계(13기) 3/6,<플젝>,2025년 5월 14일,,No,,No,,,,,,
초등사고력1단계(13기) 4/6,<플젝>,2025년 5월 21일,,No,,No,,,,,,
초등사고력1단계(13기) 5/6,<플젝>,2025년 6월 4일,,Yes,,No,,,,,,
직산특강,<플젝>,2025년 5월 7일,,No,,No,,,,,,
임시공휴일-대선,<기념일>,2025년 6월 3일,,No,,No,,,,,,
생각투자 보약보드게임 (어린이날 선물용),<공구>,2025년 4월 28일 → 2025년 5월 2일,,No,,No,,,"https://naver.me/xoHJeNql ",,,
강성희,연차,2025년 4월 17일,,No,,No,,,,,,
직산특강 강의 가이드,<플젝>,2025년 4월 16일,,No,,No,,,,"김채원, 강성희, 최은주, 정지윤, 남선영, 최경희",,
"<휴일>어린이날, 부처님오신날",<기념일>,2025년 5월 5일,,No,,No,,,,,,
<휴일>대체휴일,<기념일>,2025년 5월 6일,,No,,No,,,,,,
"2025년-5월, 스윗맘 모집",<스윗맘>,2025년 5월 5일 → 2025년 5월 7일,남선영,No,,No,,,,,,
"2025년-5월, 스윗맘 명단 발표",<스윗맘>,2025년 5월 12일,남선영,No,,No,,,,,,
"2025년-5월, 스윗맘 1주차",<스윗맘>,2025년 5월 13일,이정원,No,,No,,,,,,
"2025년-5월, 스윗맘 2주차",<스윗맘>,2025년 5월 20일,최미주,No,,No,,,,,,
"2025년-5월, 스윗맘 3주차(2주 진행)",<스윗맘>,2025년 5월 27일,이정원,No,,No,,,,,,
"2025년-5월, 스윗맘 4주차",<스윗맘>,2025년 6월 10일,이정원,No,,No,,,,,,
"2025년-5월, 스윗맘 5주차",<스윗맘>,2025년 6월 17일,최미주,No,,No,,,,,,
"2025년-5월, 스윗맘 명단공지",<스윗맘>,2025년 6월 26일,,No,,No,,,,,,
<휴일>근로자의 날,<기념일>,2025년 5월 1일,,No,,No,,,,,,
직산특강 공지 메일 발송,<기타>,2025년 5월 2일,남선영,No,,No,,,,,,
"직산특강 구글드라이브 메일 발송(줌주소,자료,녹화본)",,2025년 5월 7일,남선영,No,,No,,,,,,
이정원 연차,연차,2025년 4월 25일,,No,,No,,,,,,
직산특강/직산판 모델 종료일,<기타>,2028년 4월 11일,,No,,No,,,,,,
직산특강/직산판 모델 종료 D-6개월,<기타>,2027년 10월 11일,,No,,No,,,,,,
"유아1단계, 직산카드 모델 종료 D-6개월",<기념일>,2027년 9월 9일,,No,,No,,,,,,
"유아1단계, 직산카드 모델 종료일",<기타>,2028년 3월 9일,,No,,No,,,,,,
남선영 연차,연차,2025년 4월 25일,,No,,No,,,,,,
이정원 연차,연차,2025년 5월 2일,,No,,No,,,,,,
,<플젝>,2025년 4월 15일,,No,,No,,,,,,
강성희 연차,,2025년 4월 25일,,No,,No,,,,,,
강성희 연차,연차,2025년 5월 2일,,No,,No,,,,,,
이윤지 휴가,,2025년 4월 29일,,No,,No,,,,,,
유미경 연차,연차,2025년 5월 2일,,No,,No,,,,,,
홈페이지유지보수 4/6 입금일,<기타>,2025년 5월 12일,임정식,No,,No,,,,강성희,,
홈페이지유지보수 5/6 입금일,<기타>,2025년 6월 12일,임정식,No,,No,,,,"강성희, 남선영",,
홈페이지유지보수 6/6 입금일,<기타>,2025년 7월 11일,임정식,No,,No,,,,강성희,,
정지윤연차,연차,2025년 4월 30일,,No,,No,,,,,,
일프로연산,<공구>,2025년 7월 21일 → 2025년 7월 27일,최미주,No,,No,,,,"김채원, 경진 한, 남선영",,"%EC%A0%9C%EB%AA%A9%20%EC%97%86%EC%9D%8C/2._%EC%82%AC%EC%9D%B4%ED%8A%B8%EC%A3%BC%EC%86%8C_%EB%B0%8F_%EC%9D%B4%EB%B2%A4%ED%8A%B8%EC%95%88%EB%82%B4.txt, %EC%A0%9C%EB%AA%A9%20%EC%97%86%EC%9D%8C/3._%EA%B3%B5%EB%8F%99%EA%B5%AC%EB%A7%A4_%EC%BD%98%ED%85%90%EC%B8%A0%EA%B0%80%EC%9D%B4%EB%93%9C.docx, %EC%A0%9C%EB%AA%A9%20%EC%97%86%EC%9D%8C/4._%EC%9D%B8%EC%8A%A4%ED%83%80%EA%B7%B8%EB%9E%A8_%EA%B4%91%EA%B3%A0%EB%B9%84_%EC%A7%80%EC%9B%90%EB%82%B4%EC%9A%A9_%EC%95%88%EB%82%B4.pdf, %EC%A0%9C%EB%AA%A9%20%EC%97%86%EC%9D%8C/5._%EC%9D%BC%ED%94%84%EB%A1%9C%EC%97%B0%EC%82%B0_%EA%B3%B5%EB%8F%99%EA%B5%AC%EB%A7%A4_%EC%95%88%EB%82%B4%EC%84%9C.pdf"
이윤지 휴가,,2025년 5월 26일,,No,,No,,,,,,
김채원 연차,연차,2025년 5월 12일,,No,,No,,,,,,
초등2단계(9기) 모집,<플젝>,2025년 5월 22일 → 2025년 5월 28일,,No,,No,,,,,,
최미주 연차,연차,2025년 5월 19일,,No,,No,,,,,,
최미주 연차,연차,2025년 5월 30일,,No,,No,,,,,,
카누들,<공구>,2025년 6월 4일 → 2025년 6월 10일,,No,,No,,,,,,
수배열판 특강,<플젝>,2025년 6월 10일 → 2025년 6월 16일,,No,,No,,,,,,
"달콤해!수배열판, 수배열판(가베가족)",<공구>,2025년 6월 10일 → 2025년 6월 16일,,No,,No,,,,,,
"분수소수(233개), 도형(265개) 특강",<플젝>,2025년 6월 19일 → 2025년 6월 25일,,No,,No,,,,,,
매직큐브,<공구>,2025년 6월 27일 → 2025년 6월 29일,,No,,No,,,https://naver.me/IM4eh0jE,,,
분수교구(가베가족),<공구>,2025년 6월 19일 → 2025년 6월 25일,,No,,No,,,,,,
현충일,<기념일>,2025년 6월 6일,,No,,No,,,,,,
남선영 연차,연차,2025년 6월 11일,,No,,No,,,,,,
image.png,,,,No,,No,,,,,,
콩나물쌤 인터뷰,<촬영>,2025년 6월 13일,,No,,No,,,,,,
강원도 교육청 강연,<강연회>,2025년 6월 24일,"최경희, 정지윤, 영학 이, 김채원",No,,No,,,,,,
이정원 연차,연차,2025년 6월 20일,,No,,No,,,,,,
백진아 연차,연차,2025년 6월 27일,,No,,No,,,,,,
아스모디,<공구>,2025년 7월 16일 → 2025년 7월 22일,,No,,No,,,,,,
비상,<공구>,2025년 9월 8일 → 2025년 9월 14일,,No,,No,,,,,,
"타공기, 바인더",<공구>,2025년 7월 28일 → 2025년 8월 1일,,No,,No,,,,,,
"2025-7월, 스윗맘 모집",<스윗맘>,2025년 7월 7일 → 2025년 7월 9일,,No,,No,,,,,,
유튜브-한명훈 작가님 촬영,<외근>,2025년 6월 18일,"최경희, 강성희, 미경 유",No,,No,,,,,,
정지윤 반차(오후),,2025년 6월 19일,정지윤,No,,No,,,,,,
정지윤 연차,,2025년 7월 14일 → 2025년 7월 15일,정지윤,No,,No,,,,,,
김혜미 차장님 생일,<기념일>,2025년 7월 25일,,No,,No,,,,,,
이영학 과장님 생일,<기념일>,2025년 7월 15일,,No,,No,,,,,,
스윗맘_7월-1주차,<스윗맘>,2025년 7월 15일,영학 이,No,,No,,,,,,
스윗맘_7월-2주차,<스윗맘>,2025년 7월 22일,경진 한,No,,No,,,,,,
스윗맘_7월-3주차,<스윗맘>,2025년 7월 29일,김채원,No,,No,,,,,,
스윗맘_7월-4주차,<스윗맘>,2025년 8월 5일,최미주,No,,No,,,,,,
스윗맘_7월-5주차,<스윗맘>,2025년 8월 12일,영학 이,No,,No,,,,,,
스윗맘_7월-6주차,<스윗맘>,2025년 8월 19일,이정원,No,,No,,,,,,
스윗맘 명단 발표,<스윗맘>,2025년 8월 28일,,No,,No,,,,,,
"스윗맘 모집, 2025년-9월 ",<스윗맘>,2025년 9월 1일 → 2025년 9월 3일,,No,,No,,,,,,
정지윤 반차 (오전),반차,2025년 6월 26일,정지윤,No,,No,,,,,,
이영학 반차(오후),반차,2025년 6월 27일,,No,,No,,,,,,
이정원 휴가,연차,2025년 7월 28일 → 2025년 8월 1일,,No,,No,,,,,,
김채원 연차,연차,2025년 8월 6일 → 2025년 8월 8일,,No,,No,,,,,,
김채원 연차,연차,2025년 9월 18일 → 2025년 9월 19일,,No,,No,,,,,,
유아2_1강,<플젝>,2025년 7월 23일,,No,,No,,,,,,
유아2_복습,<플젝>,2025년 7월 30일,,No,,No,,,,,,
유아2_2강,<플젝>,2025년 8월 6일,,No,,No,,,,,,
유아2_3강,<플젝>,2025년 8월 13일,,No,,No,,,,,,
유아2_4강,<플젝>,2025년 8월 20일,,No,,No,,,,,,
유아2_복습,<플젝>,2025년 8월 27일,,No,,No,,,,,,
유아2_5강,<플젝>,2025년 9월 3일,,No,,No,,,,,,
유아2_6강,<플젝>,2025년 9월 10일,,No,,No,,,,,,
유아2_메일발송일,<플젝>,2025년 7월 16일,남선영,No,,No,,,,,,
유아2_종료일,<플젝>,2025년 10월 8일,,No,,No,,,,,,
개천절,<기념일>,2025년 10월 3일,,No,,No,,,,,,
추석연휴,<기념일>,2025년 10월 6일 → 2025년 10월 7일,,No,,No,,,,,,
대체공휴일,<기념일>,2025년 10월 8일,,No,,No,,,,,,
한글날,<기념일>,2025년 10월 9일,,No,,No,,,,,,
유미경 연차,"<휴가>, 연차",2025년 8월 4일 → 2025년 8월 8일,,No,,No,,,,,,
이영학 연차,연차,2025년 7월 30일 → 2025년 8월 1일,,No,,No,,,,,,
강성희연차,,2025년 6월 26일 → 2025년 6월 27일,,No,,No,,,,,,
"강성희연차 ","<휴가>, 연차",2025년 7월 24일 → 2025년 7월 25일,,No,,No,,,,,,
,,,,No,,No,,,,,,
,,,,No,,No,,,,,시작 전,
이정원 오전 반차,반차,2025년 7월 22일,,No,,No,,,,,,
이정원 오전 반차,반차,2025년 7월 23일,,No,,No,,,,,,
"소마셈, 팩토,팩토슐레",<공구>,2025년 8월 11일 → 2025년 8월 17일,이정원,No,,No,,,https://cafe.naver.com/dalkommath/84174,"김채원, 진아 백, 경진 한",,
"행복한 바오밥 ",<공구>,2025년 8월 27일 → 2025년 9월 1일,이정원,No,,No,,,"https://naver.me/GOhzjerZ ",김채원,,
지오콘,<공구>,2025년 9월 1일 → 2025년 9월 7일,최미주,No,,No,,,https://naver.me/GtJUw3FK,,,
송파구청 강연1,,2025년 8월 20일,,No,,No,,,,김채원,,
송파구청 강연2,,2025년 8월 27일,,No,,No,,,,경진 한,,
여름방학 특강,,2025년 8월 5일 → 2025년 8월 11일,,No,,No,,,,,,
강성희,<휴가>,2025년 8월 4일 오전 12:00 (GMT+9) → 2025년 8월 5일 오전 12:00 (GMT+9),강성희,No,,No,,,,,,
김혜미연차,"<휴가>, 연차",2025년 7월 25일,혜미 김,No,,No,,,,,,
다글다글 미팅,<미팅>,2025년 7월 28일,"강성희, 혜미 김, 남선영",No,,No,,,,,,
백진아 연차,연차,2025년 9월 18일 → 2025년 9월 19일,,No,,No,,,,,,
남선영 연차,연차,2025년 7월 31일,,No,,No,,,,,,
한경민,<휴가>,2025년 9월 4일,,No,,No,,,,,,
광복절,<기념일>,2025년 8월 15일,,No,,No,,,,,,
이윤지 휴가,연차,2025년 8월 11일 → 2025년 8월 15일,,No,,No,,,,,,
백진아 연차,연차,2025년 8월 14일,,No,,No,,,,,,
최미주 연차,연차,2025년 8월 14일,,No,,No,,,,,,
한경민,<휴가>,2025년 8월 20일,,No,,No,,,,,,
스윗맘_9월-1주차,<스윗맘>,2025년 9월 9일,최미주,No,,No,,,,,,
스윗맘_9월-2주차,<스윗맘>,2025년 9월 16일,영학 이,No,,No,,,,,,
스윗맘_9월-3주차,<스윗맘>,2025년 9월 23일,이정원,No,,No,,,,,,
스윗맘_9월-4주차,<스윗맘>,2025년 9월 30일,김채원,No,,No,,,,,,
스윗맘_9월-5주차,<스윗맘>,2025년 10월 14일,최미주,No,,No,,,,,,
스윗맘_9월-6주차,<스윗맘>,2025년 10월 21일,경진 한,No,,No,,,,,,
이윤지 연차,,2025년 9월 29일,,No,,No,,,,,,
한경민,<휴가>,2025년 8월 28일,,No,,No,,,,,,
남선영 연차,연차,2025년 8월 25일,,No,,No,,,,,,
유아1단계 모집,<플젝>,2025년 9월 18일 → 2025년 9월 24일,,No,,No,,,https://naver.me/5IifB1LO,,,
유아1단계 인쇄 감리,<플젝>,2025년 8월 27일,한경민,No,,No,,,,,,
이정원 오후 반차,반차,2025년 9월 2일,,No,,No,,,,,,
로드맵 특강 모집," <모집>",2025년 9월 29일 → 2025년 10월 13일,,No,,No,,,,,,
최미주 연차,연차,2025년 9월 19일,,No,,No,,,,,,
이윤지 연차,,2025년 9월 12일,,No,,No,,,,,,
성동구청 강의,<강연회>,2025년 10월 15일,,No,,No,,,,,,
유아1_1강,<플젝>,2025년 10월 2일,,No,,No,,,,,,
유아1_2강,<플젝>,2025년 10월 16일,,No,,No,,,,,,
유아1_3강,<플젝>,2025년 10월 23일,,No,,No,,,,,,
유아1_4강,<플젝>,2025년 11월 6일,,No,,No,,,,,,
유아1_5강,<플젝>,2025년 11월 13일,,No,,No,,,,,,
유아1_6강,<플젝>,2025년 11월 27일,,No,,No,,,,,,
로드맵 특강_1강,<플젝>,2025년 10월 21일,,No,,No,,,,,,
로드맵 특강_2강,<플젝>,2025년 10월 28일,,No,,No,,,,,,
초등1단계 모집," <모집>",2025년 10월 27일 → 2025년 10월 31일,,No,,No,,,,,,
초1_1강,<플젝>,2025년 11월 11일,,No,,No,,,,,,
초1_2강,<플젝>,2025년 11월 18일,,No,,No,,,,,,
초1_3강,<플젝>,2025년 12월 2일,,No,,No,,,,,,
로드맵 특강 시청 종료,<플젝>,2025년 12월 2일,,No,,No,,,,,,
초1_4강,<플젝>,2025년 12월 9일,,No,,No,,,,,,
초1_5강,<플젝>,2025년 12월 23일,,No,,No,,,,,,
초1_6강,<플젝>,2025년 12월 30일,,No,,No,,,,,,
곱나특강 모집(홈페이지)," <모집>",2025년 12월 17일 → 2025년 12월 23일,,No,,No,,,,,,
초등2단계 모집," <모집>",2025년 11월 26일 → 2025년 12월 2일,,No,,No,,,,,,
4단계 스터디 모집," <모집>",2025년 11월 10일 → 2025년 11월 14일,,No,,No,,,,,,
유아1단계 모집 라방(인스타그램),<라방>,2025년 9월 18일,,No,,No,,,,,,
초2_1강,<플젝>,2025년 12월 11일,,No,,No,,,,,,
초2_2강,<플젝>,2025년 12월 18일,,No,,No,,,,,,
초2_3강,<플젝>,2026년 1월 8일,,No,,No,,,,,,
초2_4강,<플젝>,2026년 1월 15일,,No,,No,,,,,,
초2_5강,<플젝>,2026년 1월 29일,,No,,No,,,,,,
초2_6강,<플젝>,2026년 2월 5일,,No,,No,,,,,,
초등3단계 모집," <모집>",2026년 1월 6일 → 2026년 1월 12일,,No,,No,,,,,,
초3_1강,<플젝>,2026년 1월 20일,,No,,No,,,,,,
초3_2강,<플젝>,2026년 1월 27일,,No,,No,,,,,,
초3_3강,<플젝>,2026년 2월 10일,,No,,No,,,,,,
설 연휴,<기념일>,2026년 2월 16일 → 2026년 2월 18일,,No,,No,,,,,,
초3_4강,<플젝>,2026년 3월 3일,,No,,No,,,,,,
초3_5강,<플젝>,2026년 3월 17일,,No,,No,,,,,,
초3_6강,<플젝>,2026년 3월 10일,,No,,No,,,,,,
이정원 연차,연차,2025년 9월 29일,,No,,No,,,,,,
정지윤 연차,연차,2025년 10월 24일,정지윤,No,,No,,,,,,
정지윤 연차,연차,2025년 11월 7일,,No,,No,,,,,,
이정원 오후 반차,반차,2025년 9월 23일,,No,,No,,,,,,
한경진 연차,연차,2025년 10월 16일,,No,,No,,,,,,
한경진 연차,연차,2025년 10월 17일,,No,,No,,,,,,
남선영 연차,연차,2025년 9월 26일,,No,,No,,,,,,
크리스마스,<기념일>,2025년 12월 25일,,No,,No,,,,,,
스윗맘 명단 발표(25년11월차수),<스윗맘>,2025년 12월 26일,,No,,No,,,,,,
"2026년-1월, 스윗맘 모집",<스윗맘>,2026년 1월 5일,,No,,No,,,,,,
"2025년-11월, 스윗맘 모집",<스윗맘>,2025년 11월 3일,,No,,No,,,,,,
스윗맘 명단발표(25년 9월차수),<스윗맘>,2025년 10월 30일,,No,,No,,,,,,
스윗맘_11월 1주차,<스윗맘>,2025년 11월 11일,,No,,No,,,,,,
스윗맘_11월 2주차,<스윗맘>,2025년 11월 18일,,No,,No,,,,,,
스윗맘_11월 3주차,<스윗맘>,2025년 11월 25일,,No,,No,,,,,,
스윗맘_11월 4주차,<스윗맘>,2025년 12월 2일,,No,,No,,,,,,
스윗맘_11월 5주차,<스윗맘>,2025년 12월 9일,,No,,No,,,,,,
스윗맘_11월 6주차,<스윗맘>,2025년 12월 16일,,No,,No,,,,,,
김채원 연차,연차,2025년 10월 30일,김채원,No,,No,,,,,,
김채원 연차,연차,2025년 11월 7일,김채원,No,,No,,,,,,
유튜브 큐브 김동영 선생님 촬영,<촬영>,2025년 10월 31일,미경 유,No,,No,,,,,,
이정원 연차,연차,2025년 10월 16일,,No,,No,,,,,,
백진아 연차,연차,2025년 10월 31일,,No,,No,,,,,,
방종임 대표 미팅,<미팅>,2025년 10월 29일 오후 2:00 (GMT+9),최경희,No,,No,,,,,,
하이웍스 관련 교육(전직원 대상),<회의>,2025년 10월 16일 오전 11:30 (GMT+9),,No,,No,,,,,,
"칼타공기, 바인더 공구",<공구>,2025년 12월 8일,,No,,No,,,,,,
아스모디 공구(크리스마스 선물),<공구>,2025년 12월 15일,,No,,No,,,,,,
유미경 연차,연차,2025년 10월 27일,,No,,No,,,,,,
,,2025년 10월 23일,,No,,No,,,,,,
"달콤해수배열판, 가베가족 수배열판 공구",<공구>,2025년 12월 1일,,No,,No,,,,,,
백진아 연차,연차,2025년 11월 28일,,No,,No,,,,,,
,,,,No,,No,,,,,,
,,2025년 12월 6일,,No,,No,,,,,,
분수막대,<공구>,2026년 1월 2일,,No,,No,,,,,,
행복한 바오밥,,2026년 6월 15일,,No,,No,,,,,,
,,,,No,,No,,,,,,